B05003I_003E,STATE_FIPS,COUNTY_FIPS,GEOID
261,01,001,01001
1505,01,003,01003
342,01,005,01005
62,01,007,01007
959,01,009,01009
0,01,011,01011
26,01,013,01013
833,01,015,01015
35,01,017,01017
45,01,019,01019
747,01,021,01021
20,01,023,01023
0,01,025,01025
89,01,027,01027
42,01,029,01029
626,01,031,01031
360,01,033,01033
48,01,035,01035
28,01,037,01037
103,01,039,01039
39,01,041,01041
802,01,043,01043
689,01,045,01045
4,01,047,01047
2564,01,049,01049
476,01,051,01051
79,01,053,01053
880,01,055,01055
11,01,057,01057
709,01,059,01059
199,01,061,01061
44,01,063,01063
8,01,065,01065
95,01,067,01067
644,01,069,01069
365,01,071,01071
4708,01,073,01073
15,01,075,01075
526,01,077,01077
170,01,079,01079
850,01,081,01081
1105,01,083,01083
0,01,085,01085
22,01,087,01087
2904,01,089,01089
62,01,091,01091
140,01,093,01093
2754,01,095,01095
1604,01,097,01097
89,01,099,01099
1644,01,101,01101
1942,01,103,01103
0,01,105,01105
40,01,107,01107
40,01,109,01109
233,01,111,01111
508,01,113,01113
452,01,115,01115
2370,01,117,01117
0,01,119,01119
268,01,121,01121
127,01,123,01123
988,01,125,01125
203,01,127,01127
35,01,129,01129
0,01,131,01131
110,01,133,01133
34,02,013,02013
39,02,016,02016
4711,02,020,02020
96,02,050,02050
21,02,060,02060
9,02,068,02068
37,02,070,02070
1146,02,090,02090
3,02,100,02100
9,02,105,02105
435,02,110,02110
395,02,122,02122
110,02,130,02130
185,02,150,02150
20,02,158,02158
3,02,164,02164
831,02,170,02170
48,02,180,02180
56,02,185,02185
35,02,188,02188
57,02,195,02195
53,02,198,02198
84,02,220,02220
2,02,230,02230
66,02,240,02240
126,02,261,02261
6,02,275,02275
6,02,282,02282
38,02,290,02290
848,04,001,04001
7044,04,003,04003
3035,04,005,04005
1538,04,007,04007
1884,04,009,04009
706,04,011,04011
884,04,012,04012
223042,04,013,04013
5051,04,015,04015
2160,04,017,04017
58283,04,019,04019
19588,04,021,04021
6369,04,023,04023
5486,04,025,04025
21024,04,027,04027
75,05,001,05001
213,05,003,05003
135,05,005,05005
7534,05,007,05007
47,05,009,05009
423,05,011,05011
46,05,013,05013
801,05,015,05015
69,05,017,05017
143,05,019,05019
64,05,021,05021
133,05,023,05023
44,05,025,05025
77,05,027,05027
156,05,029,05029
961,05,031,05031
821,05,033,05033
140,05,035,05035
34,05,037,05037
77,05,039,05039
98,05,041,05041
94,05,043,05043
997,05,045,05045
114,05,047,05047
14,05,049,05049
1021,05,051,05051
8,05,053,05053
211,05,055,05055
639,05,057,05057
116,05,059,05059
332,05,061,05061
576,05,063,05063
54,05,065,05065
120,05,067,05067
265,05,069,05069
682,05,071,05071
19,05,073,05073
17,05,075,05075
22,05,077,05077
79,05,079,05079
152,05,081,05081
180,05,083,05083
603,05,085,05085
170,05,087,05087
46,05,089,05089
253,05,091,05091
362,05,093,05093
29,05,095,05095
31,05,097,05097
77,05,099,05099
19,05,101,05101
85,05,103,05103
137,05,105,05105
131,05,107,05107
101,05,109,05109
148,05,111,05111
265,05,113,05113
860,05,115,05115
11,05,117,05117
4473,05,119,05119
91,05,121,05121
72,05,123,05123
1035,05,125,05125
237,05,127,05127
73,05,129,05129
3447,05,131,05131
1213,05,133,05133
26,05,135,05135
69,05,137,05137
254,05,139,05139
76,05,141,05141
7302,05,143,05143
723,05,145,05145
0,05,147,05147
861,05,149,05149
56258,06,001,06001
38,06,003,06003
611,06,005,06005
5598,06,007,06007
660,06,009,06009
2263,06,011,06011
45784,06,013,06013
738,06,015,06015
4019,06,017,06017
89479,06,019,06019
2147,06,021,06021
2423,06,023,06023
23183,06,025,06025
729,06,027,06027
81594,06,029,06029
13604,06,031,06031
2241,06,033,06033
234,06,035,06035
733292,06,037,06037
15668,06,039,06039
6400,06,041,06041
188,06,043,06043
3955,06,045,06045
28080,06,047,06047
250,06,049,06049
504,06,051,06051
43167,06,053,06053
7975,06,055,06055
1515,06,057,06057
174671,06,059,06059
8511,06,061,06061
321,06,063,06063
188721,06,065,06065
57686,06,067,06067
5585,06,069,06069
185194,06,071,06071
169115,06,073,06073
13356,06,075,06075
52887,06,077,06077
9525,06,079,06079
28420,06,081,06081
32202,06,083,06083
80425,06,085,06085
14317,06,087,06087
2998,06,089,06089
12,06,091,06091
875,06,093,06093
18747,06,095,06095
22261,06,097,06097
42129,06,099,06099
5248,06,101,06101
2907,06,103,06103
105,06,105,06105
54921,06,107,06107
790,06,109,06109
58131,06,111,06111
10316,06,113,06113
3939,06,115,06115
34217,08,001,08001
1133,08,003,08003
21778,08,005,08005
450,08,007,08007
63,08,009,08009
224,08,011,08011
7567,08,013,08013
1247,08,014,08014
212,08,015,08015
45,08,017,08017
80,08,019,08019
585,08,021,08021
281,08,023,08023
238,08,025,08025
19,08,027,08027
694,08,029,08029
33886,08,031,08031
26,08,033,08033
4678,08,035,08035
2763,08,037,08037
278,08,039,08039
19704,08,041,08041
558,08,043,08043
3200,08,045,08045
118,08,047,08047
234,08,049,08049
247,08,051,08051
0,08,053,08053
330,08,055,08055
42,08,057,08057
13667,08,059,08059
34,08,061,08061
303,08,063,08063
503,08,065,08065
1091,08,067,08067
6269,08,069,08069
804,08,071,08071
67,08,073,08073
399,08,075,08075
3711,08,077,08077
29,08,079,08079
390,08,081,08081
551,08,083,08083
1606,08,085,08085
1885,08,087,08087
1233,08,089,08089
9,08,091,08091
157,08,093,08093
175,08,095,08095
202,08,097,08097
847,08,099,08099
10708,08,101,08101
122,08,103,08103
827,08,105,08105
238,08,107,08107
377,08,109,08109
7,08,111,08111
90,08,113,08113
24,08,115,08115
742,08,117,08117
72,08,119,08119
82,08,121,08121
14704,08,123,08123
341,08,125,08125
26469,09,001,09001
24717,09,003,09003
1750,09,005,09005
1564,09,007,09007
24057,09,009,09009
4389,09,011,09011
1102,09,013,09013
2240,09,015,09015
1962,10,001,10001
8935,10,003,10003
3837,10,005,10005
7947,11,001,11001
2172,12,001,12001
133,12,003,12003
1485,12,005,12005
118,12,007,12007
7493,12,009,12009
60584,12,011,12011
45,12,013,12013
1502,12,015,12015
955,12,017,12017
2869,12,019,12019
14348,12,021,12021
534,12,023,12023
1751,12,027,12027
20,12,029,12029
11360,12,031,12031
2304,12,033,12033
1204,12,035,12035
29,12,037,12037
728,12,039,12039
178,12,041,12041
355,12,043,12043
24,12,045,12045
239,12,047,12047
2257,12,049,12049
3333,12,051,12051
2875,12,053,12053
2790,12,055,12055
50609,12,057,12057
108,12,059,12059
2780,12,061,12061
350,12,063,12063
47,12,065,12065
120,12,067,12067
7006,12,069,12069
20887,12,071,12071
1767,12,073,12073
479,12,075,12075
83,12,077,12077
187,12,079,12079
10189,12,081,12081
6165,12,083,12083
3448,12,085,12085
173305,12,086,12086
2078,12,087,12087
480,12,089,12089
2608,12,091,12091
1859,12,093,12093
48934,12,095,12095
21646,12,097,12097
39714,12,099,12099
10125,12,101,12101
11974,12,103,12103
21309,12,105,12105
1367,12,107,12107
1987,12,109,12109
8202,12,111,12111
1357,12,113,12113
5222,12,115,12115
11174,12,117,12117
646,12,119,12119
465,12,121,12121
45,12,123,12123
71,12,125,12125
9301,12,127,12127
155,12,129,12129
488,12,131,12131
50,12,133,12133
210,13,001,13001
410,13,003,13003
91,13,005,13005
8,13,007,13007
89,13,009,13009
308,13,011,13011
1631,13,013,13013
1640,13,015,13015
229,13,017,13017
247,13,019,13019
933,13,021,13021
145,13,023,13023
143,13,025,13025
176,13,027,13027
593,13,029,13029
420,13,031,13031
119,13,033,13033
113,13,035,13035
12,13,037,13037
656,13,039,13039
205,13,043,13043
1362,13,045,13045
425,13,047,13047
197,13,049,13049
2602,13,051,13051
252,13,053,13053
347,13,055,13055
4393,13,057,13057
2228,13,059,13059
54,13,061,13061
7157,13,063,13063
118,13,065,13065
17107,13,067,13067
899,13,069,13069
1583,13,071,13071
1469,13,073,13073
210,13,075,13075
1457,13,077,13077
0,13,079,13079
93,13,081,13081
0,13,083,13083
128,13,085,13085
336,13,087,13087
11959,13,089,13089
121,13,091,13091
186,13,093,13093
475,13,095,13095
2506,13,097,13097
0,13,099,13099
144,13,101,13101
496,13,103,13103
189,13,105,13105
195,13,107,13107
216,13,109,13109
94,13,111,13111
1436,13,113,13113
1912,13,115,13115
3687,13,117,13117
232,13,119,13119
13393,13,121,13121
713,13,123,13123
10,13,125,13125
1062,13,127,13127
1726,13,129,13129
675,13,131,13131
214,13,133,13133
32816,13,135,13135
1217,13,137,13137
10580,13,139,13139
0,13,141,13141
149,13,143,13143
101,13,145,13145
182,13,147,13147
14,13,149,13149
2518,13,151,13151
1609,13,153,13153
5,13,155,13155
784,13,157,13157
106,13,159,13159
368,13,161,13161
149,13,163,13163
82,13,165,13165
8,13,167,13167
0,13,169,13169
105,13,171,13171
72,13,173,13173
269,13,175,13175
107,13,177,13177
1350,13,179,13179
0,13,181,13181
246,13,183,13183
995,13,185,13185
150,13,187,13187
136,13,189,13189
0,13,191,13191
36,13,193,13193
337,13,195,13195
192,13,197,13197
65,13,199,13199
0,13,201,13201
255,13,205,13205
156,13,207,13207
70,13,209,13209
94,13,211,13211
963,13,213,13213
2455,13,215,13215
922,13,217,13217
291,13,219,13219
144,13,221,13221
1564,13,223,13223
328,13,225,13225
0,13,227,13227
221,13,229,13229
39,13,231,13231
1092,13,233,13233
131,13,235,13235
0,13,237,13237
0,13,239,13239
250,13,241,13241
5,13,243,13243
1363,13,245,13245
1742,13,247,13247
71,13,249,13249
52,13,251,13251
65,13,253,13253
540,13,255,13255
157,13,257,13257
0,13,259,13259
273,13,261,13261
11,13,263,13263
14,13,265,13265
469,13,267,13267
12,13,269,13269
46,13,271,13271
50,13,273,13273
241,13,275,13275
949,13,277,13277
600,13,279,13279
96,13,281,13281
0,13,283,13283
511,13,285,13285
88,13,287,13287
0,13,289,13289
188,13,291,13291
194,13,293,13293
345,13,295,13295
780,13,297,13297
236,13,299,13299
0,13,301,13301
61,13,303,13303
297,13,305,13305
16,13,307,13307
0,13,309,13309
154,13,311,13311
6933,13,313,13313
21,13,315,13315
107,13,317,13317
58,13,319,13319
102,13,321,13321
4733,15,001,15001
17294,15,003,15003
0,15,005,15005
1440,15,007,15007
3346,15,009,15009
5823,16,001,16001
34,16,003,16003
1277,16,005,16005
41,16,007,16007
72,16,009,16009
1668,16,011,16011
855,16,013,16013
50,16,015,16015
209,16,017,16017
2944,16,019,16019
53,16,021,16021
44,16,023,16023
28,16,025,16025
10167,16,027,16027
69,16,029,16029
1270,16,031,16031
46,16,033,16033
14,16,035,16035
0,16,037,16037
808,16,039,16039
220,16,041,16041
349,16,043,16043
383,16,045,16045
928,16,047,16047
105,16,049,16049
644,16,051,16051
1669,16,053,16053
1158,16,055,16055
190,16,057,16057
38,16,059,16059
33,16,061,16061
317,16,063,16063
525,16,065,16065
1295,16,067,16067
272,16,069,16069
40,16,071,16071
602,16,073,16073
815,16,075,16075
487,16,077,16077
98,16,079,16079
363,16,081,16081
2473,16,083,16083
36,16,085,16085
338,16,087,16087
182,17,001,17001
36,17,003,17003
53,17,005,17005
2226,17,007,17007
0,17,009,17009
568,17,011,17011
0,17,013,17013
79,17,015,17015
555,17,017,17017
1784,17,019,17019
113,17,021,17021
13,17,023,17023
3,17,025,17025
140,17,027,17027
200,17,029,17029
213816,17,031,17031
18,17,033,17033
40,17,035,17035
1972,17,037,17037
98,17,039,17039
213,17,041,17041
23318,17,043,17043
44,17,045,17045
10,17,047,17047
171,17,049,17049
51,17,051,17051
98,17,053,17053
158,17,055,17055
61,17,057,17057
11,17,059,17059
16,17,061,17061
879,17,063,17063
11,17,065,17065
53,17,067,17067
0,17,069,17069
11,17,071,17071
550,17,073,17073
401,17,075,17075
364,17,077,17077
8,17,079,17079
164,17,081,17081
38,17,083,17083
164,17,085,17085
29,17,087,17087
30997,17,089,17089
2141,17,091,17091
3988,17,093,17093
538,17,095,17095
27569,17,097,17097
1935,17,099,17099
36,17,101,17101
303,17,103,17103
276,17,105,17105
175,17,107,17107
95,17,109,17109
7259,17,111,17111
1488,17,113,17113
469,17,115,17115
43,17,117,17117
1504,17,119,17119
161,17,121,17121
77,17,123,17123
19,17,125,17125
56,17,127,17127
44,17,129,17129
89,17,131,17131
58,17,133,17133
24,17,135,17135
153,17,137,17137
32,17,139,17139
1015,17,141,17141
1526,17,143,17143
6,17,145,17145
9,17,147,17147
25,17,149,17149
18,17,151,17151
45,17,153,17153
63,17,155,17155
59,17,157,17157
87,17,159,17159
3365,17,161,17161
1853,17,163,17163
78,17,165,17165
742,17,167,17167
3,17,169,17169
41,17,171,17171
53,17,173,17173
15,17,175,17175
372,17,177,17177
501,17,179,17179
228,17,181,17181
714,17,183,17183
41,17,185,17185
335,17,187,17187
58,17,189,17189
31,17,191,17191
42,17,193,17193
1256,17,195,17195
21189,17,197,17197
228,17,199,17199
6956,17,201,17201
129,17,203,17203
277,18,001,18001
5325,18,003,18003
1012,18,005,18005
132,18,007,18007
59,18,009,18009
331,18,011,18011
53,18,013,18013
162,18,015,18015
1028,18,017,18017
1185,18,019,18019
69,18,021,18021
1098,18,023,18023
47,18,025,18025
432,18,027,18027
0,18,029,18029
12,18,031,18031
260,18,033,18033
266,18,035,18035
683,18,037,18037
6562,18,039,18039
0,18,041,18041
407,18,043,18043
91,18,045,18045
58,18,047,18047
208,18,049,18049
105,18,051,18051
546,18,053,18053
39,18,055,18055
2115,18,057,18057
275,18,059,18059
162,18,061,18061
1004,18,063,18063
126,18,065,18065
489,18,067,18067
141,18,069,18069
572,18,071,18071
325,18,073,18073
154,18,075,18075
90,18,077,18077
205,18,079,18079
1012,18,081,18081
136,18,083,18083
1344,18,085,18085
439,18,087,18087
14667,18,089,18089
1237,18,091,18091
178,18,093,18093
994,18,095,18095
18569,18,097,18097
840,18,099,18099
0,18,101,18101
181,18,103,18103
576,18,105,18105
393,18,107,18107
148,18,109,18109
134,18,111,18111
1034,18,113,18113
0,18,115,18115
23,18,117,18117
49,18,119,18119
66,18,121,18121
53,18,123,18123
2,18,125,18125
2666,18,127,18127
10,18,129,18129
87,18,131,18131
86,18,133,18133
67,18,135,18135
38,18,137,18137
10,18,139,18139
4410,18,141,18141
83,18,143,18143
328,18,145,18145
154,18,147,18147
134,18,149,18149
184,18,151,18151
46,18,153,18153
22,18,155,18155
2775,18,157,18157
141,18,159,18159
23,18,161,18161
959,18,163,18163
40,18,165,18165
368,18,167,18167
121,18,169,18169
13,18,171,18171
281,18,173,18173
112,18,175,18175
413,18,177,18177
127,18,179,18179
394,18,181,18181
131,18,183,18183
22,19,001,19001
4,19,003,19003
169,19,005,19005
56,19,007,19007
20,19,009,19009
117,19,011,19011
1015,19,013,19013
154,19,015,19015
54,19,017,19017
68,19,019,19019
1030,19,021,19021
24,19,023,19023
26,19,025,19025
78,19,027,19027
49,19,029,19029
66,19,031,19031
403,19,033,19033
60,19,035,19035
70,19,037,19037
249,19,039,19039
148,19,041,19041
47,19,043,19043
358,19,045,19045
1045,19,047,19047
940,19,049,19049
31,19,051,19051
30,19,053,19053
26,19,055,19055
262,19,057,19057
51,19,059,19059
391,19,061,19061
156,19,063,19063
54,19,065,19065
75,19,067,19067
292,19,069,19069
34,19,071,19071
39,19,073,19073
60,19,075,19075
26,19,077,19077
93,19,079,19079
89,19,081,19081
145,19,083,19083
40,19,085,19085
174,19,087,19087
9,19,089,19089
50,19,091,19091
19,19,093,19093
14,19,095,19095
102,19,097,19097
96,19,099,19099
105,19,101,19101
1192,19,103,19103
51,19,105,19105
36,19,107,19107
42,19,109,19109
283,19,111,19111
1245,19,113,19113
327,19,115,19115
0,19,117,19117
107,19,119,19119
27,19,121,19121
73,19,123,19123
102,19,125,19125
1817,19,127,19127
55,19,129,19129
45,19,131,19131
34,19,133,19133
0,19,135,19135
111,19,137,19137
1395,19,139,19139
173,19,141,19141
89,19,143,19143
79,19,145,19145
52,19,147,19147
178,19,149,19149
64,19,151,19151
7549,19,153,19153
1375,19,155,19155
34,19,157,19157
9,19,159,19159
76,19,161,19161
2124,19,163,19163
23,19,165,19165
725,19,167,19167
465,19,169,19169
386,19,171,19171
150,19,173,19173
94,19,175,19175
46,19,177,19177
676,19,179,19179
244,19,181,19181
237,19,183,19183
8,19,185,19185
290,19,187,19187
102,19,189,19189
65,19,191,19191
3281,19,193,19193
24,19,195,19195
275,19,197,19197
77,20,001,20001
20,20,003,20003
94,20,005,20005
33,20,007,20007
597,20,009,20009
78,20,011,20011
64,20,013,20013
440,20,015,20015
3,20,017,20017
10,20,019,20019
54,20,021,20021
45,20,023,20023
62,20,025,20025
45,20,027,20027
77,20,029,20029
35,20,031,20031
17,20,033,20033
798,20,035,20035
373,20,037,20037
8,20,039,20039
151,20,041,20041
32,20,043,20043
1115,20,045,20045
129,20,047,20047
33,20,049,20049
373,20,051,20051
48,20,053,20053
3654,20,055,20055
3795,20,057,20057
200,20,059,20059
1071,20,061,20061
19,20,063,20063
35,20,065,20065
785,20,067,20067
169,20,069,20069
80,20,071,20071
34,20,073,20073
156,20,075,20075
81,20,077,20077
793,20,079,20079
244,20,081,20081
41,20,083,20083
93,20,085,20085
108,20,087,20087
16,20,089,20089
8151,20,091,20091
239,20,093,20093
83,20,095,20095
43,20,097,20097
177,20,099,20099
0,20,101,20101
846,20,103,20103
20,20,105,20105
32,20,107,20107
33,20,109,20109
1275,20,111,20111
341,20,113,20113
43,20,115,20115
69,20,117,20117
147,20,119,20119
240,20,121,20121
29,20,123,20123
420,20,125,20125
37,20,127,20127
156,20,129,20129
31,20,131,20131
143,20,133,20133
86,20,135,20135
22,20,137,20137
53,20,139,20139
12,20,141,20141
44,20,143,20143
79,20,145,20145
6,20,147,20147
257,20,149,20149
148,20,151,20151
34,20,153,20153
1092,20,155,20155
8,20,157,20157
251,20,159,20159
992,20,161,20161
37,20,163,20163
16,20,165,20165
21,20,167,20167
1209,20,169,20169
161,20,171,20171
14719,20,173,20173
2712,20,175,20175
4197,20,177,20177
17,20,179,20179
124,20,181,20181
5,20,183,20183
149,20,185,20185
131,20,187,20187
441,20,189,20189
185,20,191,20191
107,20,193,20193
15,20,195,20195
63,20,197,20197
2,20,199,20199
35,20,201,20201
180,20,203,20203
74,20,205,20205
15,20,207,20207
8757,20,209,20209
53,21,001,21001
93,21,003,21003
81,21,005,21005
9,21,007,21007
343,21,009,21009
65,21,011,21011
16,21,013,21013
977,21,015,21015
383,21,017,21017
92,21,019,21019
205,21,021,21021
33,21,023,21023
20,21,025,21025
53,21,027,21027
260,21,029,21029
101,21,031,21031
50,21,033,21033
167,21,035,21035
312,21,037,21037
2,21,039,21039
191,21,041,21041
51,21,043,21043
105,21,045,21045
917,21,047,21047
247,21,049,21049
24,21,051,21051
97,21,053,21053
20,21,055,21055
0,21,057,21057
570,21,059,21059
27,21,061,21061
0,21,063,21063
0,21,065,21065
4053,21,067,21067
85,21,069,21069
76,21,071,21071
432,21,073,21073
23,21,075,21075
69,21,077,21077
103,21,079,21079
61,21,081,21081
507,21,083,21083
0,21,085,21085
0,21,087,21087
57,21,089,21089
28,21,091,21091
1163,21,093,21093
81,21,095,21095
116,21,097,21097
46,21,099,21099
238,21,101,21101
138,21,103,21103
16,21,105,21105
216,21,107,21107
0,21,109,21109
6346,21,111,21111
351,21,113,21113
27,21,115,21115
1019,21,117,21117
31,21,119,21119
97,21,121,21121
34,21,123,21123
151,21,125,21125
33,21,127,21127
19,21,129,21129
8,21,131,21131
21,21,133,21133
49,21,135,21135
82,21,137,21137
32,21,139,21139
125,21,141,21141
0,21,143,21143
251,21,145,21145
32,21,147,21147
57,21,149,21149
359,21,151,21151
2,21,153,21153
82,21,155,21155
62,21,157,21157
0,21,159,21159
21,21,161,21161
191,21,163,21163
20,21,165,21165
165,21,167,21167
28,21,169,21169
75,21,171,21171
83,21,173,21173
0,21,175,21175
66,21,177,21177
272,21,179,21179
16,21,181,21181
226,21,183,21183
383,21,185,21185
102,21,187,21187
0,21,189,21189
14,21,191,21191
74,21,193,21193
63,21,195,21195
11,21,197,21197
341,21,199,21199
0,21,201,21201
21,21,203,21203
49,21,205,21205
160,21,207,21207
350,21,209,21209
712,21,211,21211
23,21,213,21213
107,21,215,21215
169,21,217,21217
184,21,219,21219
125,21,221,21221
10,21,223,21223
97,21,225,21225
1190,21,227,21227
108,21,229,21229
164,21,231,21231
146,21,233,21233
64,21,235,21235
0,21,237,21237
369,21,239,21239
107,22,001,22001
112,22,003,22003
1130,22,005,22005
45,22,007,22007
85,22,009,22009
230,22,011,22011
14,22,013,22013
1522,22,015,22015
1189,22,017,22017
932,22,019,22019
65,22,021,22021
19,22,023,22023
22,22,025,22025
117,22,027,22027
30,22,029,22029
104,22,031,22031
2515,22,033,22033
8,22,035,22035
57,22,037,22037
53,22,039,22039
12,22,041,22041
188,22,043,22043
425,22,045,22045
64,22,047,22047
76,22,049,22049
7866,22,051,22051
158,22,053,22053
1371,22,055,22055
700,22,057,22057
59,22,059,22059
198,22,061,22061
817,22,063,22063
37,22,065,22065
43,22,067,22067
156,22,069,22069
2154,22,071,22071
625,22,073,22073
256,22,075,22075
81,22,077,22077
668,22,079,22079
15,22,081,22081
82,22,083,22083
152,22,085,22085
659,22,087,22087
351,22,089,22089
5,22,091,22091
30,22,093,22093
336,22,095,22095
242,22,097,22097
209,22,099,22099
488,22,101,22101
1984,22,103,22103
893,22,105,22105
15,22,107,22107
946,22,109,22109
215,22,111,22111
350,22,113,22113
808,22,115,22115
158,22,117,22117
126,22,119,22119
116,22,121,22121
76,22,123,22123
35,22,125,22125
10,22,127,22127
330,23,001,23001
155,23,003,23003
891,23,005,23005
48,23,007,23007
52,23,009,23009
230,23,011,23011
80,23,013,23013
108,23,015,23015
135,23,017,23017
309,23,019,23019
31,23,021,23021
2,23,023,23023
111,23,025,23025
97,23,027,23027
107,23,029,23029
438,23,031,23031
149,24,001,24001
6658,24,003,24003
6812,24,005,24005
394,24,009,24009
386,24,011,24011
861,24,013,24013
750,24,015,24015
1345,24,017,24017
280,24,019,24019
3586,24,021,24021
44,24,023,24023
1714,24,025,24025
3401,24,027,24027
80,24,029,24029
29034,24,031,24031
24099,24,033,24033
270,24,035,24035
807,24,037,24037
157,24,039,24039
257,24,041,24041
1113,24,043,24043
918,24,045,24045
272,24,047,24047
4441,24,510,24510
924,25,001,25001
882,25,003,25003
7162,25,005,25005
19,25,007,25007
23693,25,009,25009
531,25,011,25011
19572,25,013,25013
1153,25,015,25015
17722,25,017,25017
86,25,019,25019
3845,25,021,25021
3098,25,023,25023
22807,25,025,25025
14652,25,027,25027
31,26,001,26001
25,26,003,26003
1721,26,005,26005
50,26,007,26007
79,26,009,26009
53,26,011,26011
18,26,013,26013
317,26,015,26015
1013,26,017,26017
84,26,019,26019
1532,26,021,26021
369,26,023,26023
1249,26,025,26025
497,26,027,26027
75,26,029,26029
69,26,031,26031
97,26,033,26033
94,26,035,26035
619,26,037,26037
40,26,039,26039
57,26,041,26041
42,26,043,26043
923,26,045,26045
142,26,047,26047
2517,26,049,26049
49,26,051,26051
12,26,053,26053
392,26,055,26055
437,26,057,26057
252,26,059,26059
68,26,061,26061
158,26,063,26063
3511,26,065,26065
550,26,067,26067
142,26,069,26069
19,26,071,26071
420,26,073,26073
1007,26,075,26075
1947,26,077,26077
66,26,079,26079
13129,26,081,26081
4,26,083,26083
70,26,085,26085
718,26,087,26087
202,26,089,26089
1362,26,091,26091
755,26,093,26093
13,26,095,26095
4,26,097,26097
3835,26,099,26099
156,26,101,26101
206,26,103,26103
271,26,105,26105
206,26,107,26107
98,26,109,26109
337,26,111,26111
72,26,113,26113
889,26,115,26115
460,26,117,26117
6,26,119,26119
1877,26,121,26121
614,26,123,26123
8519,26,125,26125
840,26,127,26127
95,26,129,26129
8,26,131,26131
72,26,133,26133
24,26,135,26135
92,26,137,26137
5121,26,139,26139
28,26,141,26141
34,26,143,26143
2930,26,145,26145
976,26,147,26147
1077,26,149,26149
335,26,151,26151
4,26,153,26153
332,26,155,26155
328,26,157,26157
1783,26,159,26159
2344,26,161,26161
18627,26,163,26163
118,26,165,26165
35,27,001,27001
2727,27,003,27003
184,27,005,27005
240,27,007,27007
89,27,009,27009
4,27,011,27011
337,27,013,27013
211,27,015,27015
141,27,017,27017
863,27,019,27019
119,27,021,27021
203,27,023,27023
156,27,025,27025
536,27,027,27027
29,27,029,27029
2,27,031,27031
161,27,033,27033
167,27,035,27035
5416,27,037,27037
264,27,039,27039
104,27,041,27041
238,27,043,27043
33,27,045,27045
531,27,047,27047
305,27,049,27049
17,27,051,27051
16184,27,053,27053
19,27,055,27055
90,27,057,27057
152,27,059,27059
144,27,061,27061
88,27,063,27063
58,27,065,27065
1097,27,067,27067
14,27,069,27069
4,27,071,27071
27,27,073,27073
4,27,075,27075
16,27,077,27077
395,27,079,27079
26,27,081,27081
343,27,083,27083
445,27,085,27085
41,27,087,27087
73,27,089,27089
180,27,091,27091
149,27,093,27093
122,27,095,27095
86,27,097,27097
861,27,099,27099
44,27,101,27101
221,27,103,27103
1145,27,105,27105
70,27,107,27107
1383,27,109,27109
331,27,111,27111
131,27,113,27113
95,27,115,27115
94,27,117,27117
439,27,119,27119
30,27,121,27121
7328,27,123,27123
34,27,125,27125
162,27,127,27127
248,27,129,27129
1085,27,131,27131
36,27,133,27133
38,27,135,27135
554,27,137,27137
1359,27,139,27139
349,27,141,27141
342,27,143,27143
1067,27,145,27145
519,27,147,27147
95,27,149,27149
68,27,151,27151
306,27,153,27153
16,27,155,27155
179,27,157,27157
60,27,159,27159
201,27,161,27161
1851,27,163,27163
479,27,165,27165
80,27,167,27167
218,27,169,27169
737,27,171,27171
116,27,173,27173
7,28,001,28001
259,28,003,28003
46,28,005,28005
13,28,007,28007
23,28,009,28009
198,28,011,28011
232,28,013,28013
0,28,015,28015
103,28,017,28017
4,28,019,28019
0,28,021,28021
7,28,023,28023
91,28,025,28025
0,28,027,28027
119,28,029,28029
117,28,031,28031
1638,28,033,28033
488,28,035,28035
0,28,037,28037
86,28,039,28039
14,28,041,28041
0,28,043,28043
274,28,045,28045
1665,28,047,28047
610,28,049,28049
25,28,051,28051
52,28,053,28053
0,28,055,28055
214,28,057,28057
1378,28,059,28059
33,28,061,28061
0,28,063,28063
0,28,065,28065
604,28,067,28067
40,28,069,28069
138,28,071,28071
290,28,073,28073
334,28,075,28075
3,28,077,28077
239,28,079,28079
421,28,081,28081
107,28,083,28083
51,28,085,28085
135,28,087,28087
493,28,089,28089
89,28,091,28091
189,28,093,28093
60,28,095,28095
71,28,097,28097
44,28,099,28099
32,28,101,28101
12,28,103,28103
125,28,105,28105
90,28,107,28107
323,28,109,28109
0,28,111,28111
78,28,113,28113
531,28,115,28115
55,28,117,28117
11,28,119,28119
593,28,121,28121
464,28,123,28123
4,28,125,28125
162,28,127,28127
10,28,129,28129
20,28,131,28131
37,28,133,28133
0,28,135,28135
181,28,137,28137
220,28,139,28139
85,28,141,28141
15,28,143,28143
238,28,145,28145
59,28,147,28147
73,28,149,28149
211,28,151,28151
77,28,153,28153
22,28,155,28155
0,28,157,28157
35,28,159,28159
66,28,161,28161
0,28,163,28163
9,29,001,29001
98,29,003,29003
4,29,005,29005
175,29,007,29007
642,29,009,29009
45,29,011,29011
120,29,013,29013
19,29,015,29015
25,29,017,29017
951,29,019,29019
955,29,021,29021
167,29,023,29023
4,29,025,29025
139,29,027,29027
224,29,029,29029
307,29,031,29031
34,29,033,29033
28,29,035,29035
865,29,037,29037
67,29,039,29039
16,29,041,29041
534,29,043,29043
21,29,045,29045
2773,29,047,29047
101,29,049,29049
415,29,051,29051
27,29,053,29053
52,29,055,29055
30,29,057,29057
69,29,059,29059
16,29,061,29061
141,29,063,29063
68,29,065,29065
41,29,067,29067
463,29,069,29069
323,29,071,29071
86,29,073,29073
4,29,075,29075
1712,29,077,29077
19,29,079,29079
34,29,081,29081
111,29,083,29083
31,29,085,29085
1,29,087,29087
70,29,089,29089
182,29,091,29091
19,29,093,29093
11337,29,095,29095
1906,29,097,29097
719,29,099,29099
377,29,101,29101
6,29,103,29103
196,29,105,29105
140,29,107,29107
680,29,109,29109
39,29,111,29111
294,29,113,29113
21,29,115,29115
62,29,117,29117
579,29,119,29119
29,29,121,29121
3,29,123,29123
6,29,125,29125
55,29,127,29127
11,29,129,29129
108,29,131,29131
138,29,133,29133
145,29,135,29135
11,29,137,29137
38,29,139,29139
44,29,141,29141
69,29,143,29143
632,29,145,29145
19,29,147,29147
40,29,149,29149
35,29,151,29151
0,29,153,29153
101,29,155,29155
107,29,157,29157
776,29,159,29159
195,29,161,29161
95,29,163,29163
914,29,165,29165
156,29,167,29167
770,29,169,29169
7,29,171,29171
15,29,173,29173
82,29,175,29175
73,29,177,29177
17,29,179,29179
50,29,181,29181
2185,29,183,29183
29,29,185,29185
28,29,186,29186
106,29,187,29187
4720,29,189,29189
433,29,195,29195
17,29,197,29197
30,29,199,29199
162,29,201,29201
14,29,203,29203
21,29,205,29205
70,29,207,29207
83,29,209,29209
220,29,211,29211
505,29,213,29213
73,29,215,29215
116,29,217,29217
348,29,219,29219
4,29,221,29221
39,29,223,29223
139,29,225,29225
4,29,227,29227
137,29,229,29229
1755,29,510,29510
43,30,001,30001
232,30,003,30003
38,30,005,30005
0,30,007,30007
41,30,009,30009
1,30,011,30011
604,30,013,30013
15,30,015,30015
96,30,017,30017
0,30,019,30019
41,30,021,30021
61,30,023,30023
3,30,025,30025
7,30,027,30027
415,30,029,30029
486,30,031,30031
1,30,033,30033
108,30,035,30035
4,30,037,30037
29,30,039,30039
139,30,041,30041
67,30,043,30043
10,30,045,30045
219,30,047,30047
369,30,049,30049
0,30,051,30051
67,30,053,30053
0,30,055,30055
17,30,057,30057
0,30,059,30059
12,30,061,30061
578,30,063,30063
20,30,065,30065
84,30,067,30067
6,30,069,30069
11,30,071,30071
41,30,073,30073
7,30,075,30075
3,30,077,30077
0,30,079,30079
267,30,081,30081
77,30,083,30083
8,30,085,30085
66,30,087,30087
51,30,089,30089
1,30,091,30091
265,30,093,30093
11,30,095,30095
19,30,097,30097
31,30,099,30099
26,30,101,30101
12,30,103,30103
15,30,105,30105
0,30,107,30107
3,30,109,30109
1600,30,111,30111
559,31,001,31001
26,31,003,31003
0,31,005,31005
3,31,007,31007
0,31,009,31009
14,31,011,31011
335,31,013,31013
5,31,015,31015
2,31,017,31017
819,31,019,31019
48,31,021,31021
48,31,023,31023
136,31,025,31025
31,31,027,31027
60,31,029,31029
5,31,031,31031
164,31,033,31033
132,31,035,31035
963,31,037,31037
178,31,039,31039
28,31,041,31041
1655,31,043,31043
34,31,045,31045
1597,31,047,31047
42,31,049,31049
130,31,051,31051
876,31,053,31053
13491,31,055,31055
67,31,057,31057
48,31,059,31059
8,31,061,31061
2,31,063,31063
33,31,065,31065
86,31,067,31067
0,31,069,31069
7,31,071,31071
26,31,073,31073
0,31,075,31075
12,31,077,31077
3182,31,079,31079
45,31,081,31081
5,31,083,31083
15,31,085,31085
34,31,087,31087
108,31,089,31089
0,31,091,31091
33,31,093,31093
56,31,095,31095
75,31,097,31097
95,31,099,31099
111,31,101,31101
0,31,103,31103
64,31,105,31105
46,31,107,31107
3758,31,109,31109
587,31,111,31111
0,31,113,31113
0,31,115,31115
1,31,117,31117
1067,31,119,31119
75,31,121,31121
144,31,123,31123
17,31,125,31125
3,31,127,31127
15,31,129,31129
237,31,131,31131
7,31,133,31133
33,31,135,31135
109,31,137,31137
14,31,139,31139
1337,31,141,31141
42,31,143,31143
123,31,145,31145
57,31,147,31147
4,31,149,31149
692,31,151,31151
2882,31,153,31153
87,31,155,31155
1578,31,157,31157
99,31,159,31159
47,31,161,31161
9,31,163,31163
6,31,165,31165
92,31,167,31167
13,31,169,31169
0,31,171,31171
100,31,173,31173
0,31,175,31175
66,31,177,31177
82,31,179,31179
32,31,181,31181
0,31,183,31183
197,31,185,31185
695,32,001,32001
106268,32,003,32003
1049,32,005,32005
2523,32,007,32007
33,32,009,32009
19,32,011,32011
909,32,013,32013
282,32,015,32015
78,32,017,32017
1513,32,019,32019
124,32,021,32021
1034,32,023,32023
221,32,027,32027
15,32,029,32029
18563,32,031,32031
212,32,033,32033
2220,32,510,32510
230,33,001,33001
136,33,003,33003
127,33,005,33005
102,33,007,33007
217,33,009,33009
4353,33,011,33011
419,33,013,33013
1177,33,015,33015
467,33,017,33017
144,33,019,33019
8546,34,001,34001
22649,34,003,34003
5177,34,005,34005
13874,34,007,34007
1219,34,009,34009
7936,34,011,34011
25545,34,013,34013
2917,34,015,34015
35267,34,017,34017
1154,34,019,34019
9443,34,021,34021
24925,34,023,34023
10942,34,025,34025
8752,34,027,34027
9171,34,029,34029
30337,34,031,34031
1005,34,033,34033
7256,34,035,34035
1612,34,037,34037
23058,34,039,34039
1459,34,041,34041
49940,35,001,35001
37,35,003,35003
6282,35,005,35005
1332,35,006,35006
731,35,007,35007
3759,35,009,35009
118,35,011,35011
22256,35,013,35013
4195,35,015,35015
2123,35,017,35017
405,35,019,35019
7,35,021,35021
346,35,023,35023
6997,35,025,35025
935,35,027,35027
554,35,028,35028
2650,35,029,35029
1913,35,031,35031
502,35,033,35033
3936,35,035,35035
498,35,037,35037
3657,35,039,35039
1403,35,041,35041
7998,35,043,35043
4569,35,045,35045
2494,35,047,35047
10232,35,049,35049
502,35,051,35051
1280,35,053,35053
2346,35,055,35055
1008,35,057,35057
211,35,059,35059
6917,35,061,35061
2716,36,001,36001
117,36,003,36003
112528,36,005,36005
1347,36,007,36007
302,36,009,36009
342,36,011,36011
1703,36,013,36013
406,36,015,36015
200,36,017,36017
231,36,019,36019
490,36,021,36021
197,36,023,36023
208,36,025,36025
5224,36,027,36027
8303,36,029,36029
124,36,031,36031
85,36,033,36033
309,36,035,36035
396,36,037,36037
421,36,039,36039
27,36,041,36041
226,36,043,36043
1465,36,045,36045
70193,36,047,36047
94,36,049,36049
316,36,051,36051
183,36,053,36053
10951,36,055,36055
1212,36,057,36057
32013,36,059,36059
44500,36,061,36061
1045,36,063,36063
2262,36,065,36065
3983,36,067,36067
836,36,069,36069
12318,36,071,36071
341,36,073,36073
505,36,075,36075
249,36,077,36077
1893,36,079,36079
81910,36,081,36081
1338,36,083,36083
13544,36,085,36085
8554,36,087,36087
298,36,089,36089
970,36,091,36091
1904,36,093,36093
125,36,095,36095
51,36,097,36097
143,36,099,36099
281,36,101,36101
42776,36,103,36103
1874,36,105,36105
176,36,107,36107
532,36,109,36109
2764,36,111,36111
240,36,113,36113
224,36,115,36115
735,36,117,36117
33828,36,119,36119
109,36,121,36121
136,36,123,36123
3865,37,001,37001
441,37,003,37003
214,37,005,37005
164,37,007,37007
247,37,009,37009
166,37,011,37011
539,37,013,37013
12,37,015,37015
477,37,017,37017
1138,37,019,37019
2954,37,021,37021
1063,37,023,37023
4008,37,025,37025
882,37,027,37027
36,37,029,37029
542,37,031,37031
108,37,033,37033
2806,37,035,37035
1864,37,037,37037
189,37,039,37039
177,37,041,37041
92,37,043,37043
474,37,045,37045
544,37,047,37047
1284,37,049,37049
6157,37,051,37051
259,37,053,37053
279,37,055,37055
2322,37,057,37057
511,37,059,37059
2681,37,061,37061
7334,37,063,37063
572,37,065,37065
9733,37,067,37067
1099,37,069,37069
2563,37,071,37071
44,37,073,37073
62,37,075,37075
753,37,077,37077
613,37,079,37079
7566,37,081,37081
279,37,083,37083
3071,37,085,37085
387,37,087,37087
2291,37,089,37089
73,37,091,37091
1337,37,093,37093
141,37,095,37095
2261,37,097,37097
328,37,099,37099
4948,37,101,37101
94,37,103,37103
2334,37,105,37105
720,37,107,37107
1045,37,109,37109
808,37,111,37111
526,37,113,37113
125,37,115,37115
167,37,117,37117
22485,37,119,37119
135,37,121,37121
937,37,123,37123
1247,37,125,37125
1266,37,127,37127
2034,37,129,37129
110,37,131,37131
3581,37,133,37133
2140,37,135,37135
76,37,137,37137
295,37,139,37139
622,37,141,37141
63,37,143,37143
331,37,145,37145
1926,37,147,37147
266,37,149,37149
3408,37,151,37151
568,37,153,37153
2518,37,155,37155
1132,37,157,37157
2337,37,159,37159
590,37,161,37161
2445,37,163,37163
200,37,165,37165
542,37,167,37167
182,37,169,37169
1682,37,171,37171
39,37,173,37173
195,37,175,37175
88,37,177,37177
4860,37,179,37179
691,37,181,37181
18695,37,183,37183
117,37,185,37185
163,37,187,37187
289,37,189,37189
2716,37,191,37191
860,37,193,37193
1784,37,195,37195
788,37,197,37197
111,37,199,37199
1,38,001,38001
33,38,003,38003
45,38,005,38005
26,38,007,38007
27,38,009,38009
4,38,011,38011
22,38,013,38013
273,38,015,38015
524,38,017,38017
0,38,019,38019
40,38,021,38021
4,38,023,38023
40,38,025,38025
13,38,027,38027
0,38,029,38029
1,38,031,38031
0,38,033,38033
448,38,035,38035
0,38,037,38037
8,38,039,38039
4,38,041,38041
11,38,043,38043
1,38,045,38045
0,38,047,38047
14,38,049,38049
0,38,051,38051
48,38,053,38053
25,38,055,38055
26,38,057,38057
22,38,059,38059
223,38,061,38061
9,38,063,38063
11,38,065,38065
49,38,067,38067
4,38,069,38069
61,38,071,38071
13,38,073,38073
0,38,075,38075
139,38,077,38077
5,38,079,38079
15,38,081,38081
0,38,083,38083
62,38,085,38085
0,38,087,38087
256,38,089,38089
4,38,091,38091
85,38,093,38093
23,38,095,38095
45,38,097,38097
357,38,099,38099
501,38,101,38101
7,38,103,38103
238,38,105,38105
33,39,001,39001
514,39,003,39003
70,39,005,39005
854,39,007,39007
127,39,009,39009
94,39,011,39011
57,39,013,39013
59,39,015,39015
3292,39,017,39017
25,39,019,39019
147,39,021,39021
795,39,023,39023
683,39,025,39025
264,39,027,39027
173,39,029,39029
50,39,031,39031
145,39,033,39033
11400,39,035,39035
145,39,037,39037
823,39,039,39039
858,39,041,39041
506,39,043,39043
610,39,045,39045
108,39,047,39047
12049,39,049,39049
704,39,051,39051
37,39,053,39053
244,39,055,39055
708,39,057,39057
72,39,059,39059
4359,39,061,39061
726,39,063,39063
140,39,065,39065
19,39,067,39067
393,39,069,39069
111,39,071,39071
127,39,073,39073
62,39,075,39075
702,39,077,39077
62,39,079,39079
98,39,081,39081
136,39,083,39083
1863,39,085,39085
94,39,087,39087
564,39,089,39089
125,39,091,39091
5144,39,093,39093
5663,39,095,39095
190,39,097,39097
1957,39,099,39099
344,39,101,39101
669,39,103,39103
31,39,105,39105
156,39,107,39107
237,39,109,39109
24,39,111,39111
2549,39,113,39113
58,39,115,39115
90,39,117,39117
195,39,119,39119
1,39,121,39121
358,39,123,39123
166,39,125,39125
51,39,127,39127
208,39,129,39129
48,39,131,39131
385,39,133,39133
52,39,135,39135
350,39,137,39137
242,39,139,39139
188,39,141,39141
1065,39,143,39143
302,39,145,39145
549,39,147,39147
170,39,149,39149
1287,39,151,39151
1799,39,153,39153
627,39,155,39155
481,39,157,39157
180,39,159,39159
132,39,161,39161
5,39,163,39163
1189,39,165,39165
166,39,167,39167
410,39,169,39169
289,39,171,39171
1157,39,173,39173
97,39,175,39175
320,40,001,40001
15,40,003,40003
110,40,005,40005
177,40,007,40007
568,40,009,40009
175,40,011,40011
478,40,013,40013
612,40,015,40015
2033,40,017,40017
615,40,019,40019
675,40,021,40021
128,40,023,40023
127,40,025,40025
3765,40,027,40027
48,40,029,40029
2892,40,031,40031
82,40,033,40033
78,40,035,40035
516,40,037,40037
996,40,039,40039
319,40,041,40041
109,40,043,40043
58,40,045,40045
1413,40,047,40047
474,40,049,40049
595,40,051,40051
31,40,053,40053
140,40,055,40055
123,40,057,40057
181,40,059,40059
84,40,061,40061
138,40,063,40063
1042,40,065,40065
107,40,067,40067
131,40,069,40069
709,40,071,40071
469,40,073,40073
196,40,075,40075
99,40,077,40077
746,40,079,40079
182,40,081,40081
350,40,083,40083
258,40,085,40085
620,40,087,40087
456,40,089,40089
92,40,091,40091
225,40,093,40093
539,40,095,40095
292,40,097,40097
113,40,099,40099
907,40,101,40101
59,40,103,40103
62,40,105,40105
115,40,107,40107
25494,40,109,40109
303,40,111,40111
244,40,113,40113
377,40,115,40115
142,40,117,40117
537,40,119,40119
388,40,121,40121
339,40,123,40123
681,40,125,40125
68,40,127,40127
58,40,129,40129
742,40,131,40131
258,40,133,40133
355,40,135,40135
720,40,137,40137
1764,40,139,40139
342,40,141,40141
14973,40,143,40143
872,40,145,40145
584,40,147,40147
240,40,149,40149
124,40,151,40151
487,40,153,40153
89,41,001,41001
957,41,003,41003
6452,41,005,41005
635,41,007,41007
536,41,009,41009
667,41,011,41011
347,41,013,41013
262,41,015,41015
2537,41,017,41017
974,41,019,41019
65,41,021,41021
41,41,023,41023
34,41,025,41025
1281,41,027,41027
4915,41,029,41029
918,41,031,41031
1017,41,033,41033
1513,41,035,41035
71,41,037,41037
5301,41,039,41039
787,41,041,41041
2094,41,043,41043
1987,41,045,41045
17091,41,047,41047
787,41,049,41049
15455,41,051,41051
1872,41,053,41053
31,41,055,41055
662,41,057,41057
3871,41,059,41059
244,41,061,41061
32,41,063,41063
875,41,065,41065
17461,41,067,41067
0,41,069,41069
2970,41,071,41071
1403,42,001,42001
3380,42,003,42003
102,42,005,42005
510,42,007,42007
91,42,009,42009
14901,42,011,42011
210,42,013,42013
129,42,015,42015
5167,42,017,42017
470,42,019,42019
362,42,021,42021
11,42,023,42023
497,42,025,42025
299,42,027,42027
6622,42,029,42029
39,42,031,42031
84,42,033,42033
82,42,035,42035
294,42,037,42037
247,42,039,42039
1386,42,041,42041
4308,42,043,42043
3213,42,045,42045
43,42,047,42047
2230,42,049,42049
229,42,051,42051
52,42,053,42053
1556,42,055,42055
29,42,057,42057
66,42,059,42059
63,42,061,42061
239,42,063,42063
77,42,065,42065
180,42,067,42067
2699,42,069,42069
9622,42,071,42071
236,42,073,42073
3058,42,075,42075
14067,42,077,42077
5410,42,079,42079
396,42,081,42081
123,42,083,42083
344,42,085,42085
158,42,087,42087
4058,42,089,42089
6845,42,091,42091
152,42,093,42093
6260,42,095,42095
526,42,097,42097
160,42,099,42099
35084,42,101,42101
865,42,103,42103
39,42,105,42105
950,42,107,42107
150,42,109,42109
113,42,111,42111
15,42,113,42113
111,42,115,42115
119,42,117,42117
319,42,119,42119
145,42,121,42121
77,42,123,42123
516,42,125,42125
312,42,127,42127
705,42,129,42129
92,42,131,42131
5798,42,133,42133
206,44,001,44001
1286,44,003,44003
698,44,005,44005
22085,44,007,44007
636,44,009,44009
53,45,001,45001
1437,45,003,45003
42,45,005,45005
1269,45,007,45007
9,45,009,45009
115,45,011,45011
3523,45,013,45013
2170,45,015,45015
123,45,017,45017
3231,45,019,45019
559,45,021,45021
189,45,023,45023
344,45,025,45025
137,45,027,45027
198,45,029,45029
236,45,031,45031
157,45,033,45033
1298,45,035,45035
65,45,037,45037
66,45,039,45039
473,45,041,45041
382,45,043,45043
7251,45,045,45045
832,45,047,45047
148,45,049,45049
3058,45,051,45051
724,45,053,45053
422,45,055,45055
859,45,057,45057
598,45,059,45059
196,45,061,45061
3012,45,063,45063
0,45,065,45065
100,45,067,45067
44,45,069,45069
470,45,071,45071
694,45,073,45073
395,45,075,45075
645,45,077,45077
2936,45,079,45079
598,45,081,45081
3720,45,083,45083
560,45,085,45085
81,45,087,45087
116,45,089,45089
2188,45,091,45091
32,46,003,46003
404,46,005,46005
10,46,007,46007
38,46,009,46009
125,46,011,46011
106,46,013,46013
4,46,015,46015
5,46,017,46017
24,46,019,46019
0,46,021,46021
64,46,023,46023
8,46,025,46025
31,46,027,46027
158,46,029,46029
6,46,031,46031
67,46,033,46033
58,46,035,46035
15,46,037,46037
35,46,039,46039
27,46,041,46041
0,46,043,46043
19,46,045,46045
29,46,047,46047
0,46,049,46049
9,46,051,46051
3,46,053,46053
0,46,055,46055
19,46,057,46057
11,46,059,46059
7,46,061,46061
3,46,063,46063
86,46,065,46065
17,46,067,46067
0,46,069,46069
9,46,071,46071
6,46,073,46073
0,46,075,46075
30,46,077,46077
25,46,079,46079
91,46,081,46081
206,46,083,46083
5,46,085,46085
30,46,087,46087
3,46,089,46089
16,46,091,46091
224,46,093,46093
9,46,095,46095
11,46,097,46097
1793,46,099,46099
43,46,101,46101
44,46,102,46102
1101,46,103,46103
8,46,105,46105
12,46,107,46107
71,46,109,46109
2,46,111,46111
10,46,115,46115
21,46,117,46117
0,46,119,46119
70,46,121,46121
0,46,123,46123
37,46,125,46125
72,46,127,46127
62,46,129,46129
105,46,135,46135
24,46,137,46137
399,47,001,47001
1143,47,003,47003
48,47,005,47005
23,47,007,47007
737,47,009,47009
1164,47,011,47011
91,47,013,47013
67,47,015,47015
184,47,017,47017
232,47,019,47019
235,47,021,47021
97,47,023,47023
37,47,025,47025
26,47,027,47027
236,47,029,47029
470,47,031,47031
263,47,033,47033
330,47,035,47035
12103,47,037,47037
79,47,039,47039
245,47,041,47041
300,47,043,47043
291,47,045,47045
208,47,047,47047
65,47,049,47049
237,47,051,47051
212,47,053,47053
99,47,055,47055
93,47,057,47057
320,47,059,47059
8,47,061,47061
1563,47,063,47063
3314,47,065,47065
0,47,067,47067
68,47,069,47069
118,47,071,47071
132,47,073,47073
173,47,075,47075
108,47,077,47077
117,47,079,47079
150,47,081,47081
65,47,083,47083
124,47,085,47085
82,47,087,47087
479,47,089,47089
57,47,091,47091
3181,47,093,47093
40,47,095,47095
47,47,097,47097
216,47,099,47099
68,47,101,47101
239,47,103,47103
745,47,105,47105
338,47,107,47107
106,47,109,47109
311,47,111,47111
676,47,113,47113
74,47,115,47115
347,47,117,47117
850,47,119,47119
67,47,121,47121
371,47,123,47123
3190,47,125,47125
0,47,127,47127
66,47,129,47129
156,47,131,47131
58,47,133,47133
40,47,135,47135
4,47,137,47137
45,47,139,47139
877,47,141,47141
386,47,143,47143
148,47,145,47145
878,47,147,47147
4103,47,149,47149
11,47,151,47151
177,47,153,47153
891,47,155,47155
11217,47,157,47157
105,47,159,47159
147,47,161,47161
506,47,163,47163
1358,47,165,47165
385,47,167,47167
22,47,169,47169
188,47,171,47171
35,47,173,47173
0,47,175,47175
794,47,177,47177
562,47,179,47179
35,47,181,47181
197,47,183,47183
77,47,185,47185
1874,47,187,47187
1086,47,189,47189
1405,48,001,48001
1629,48,003,48003
3640,48,005,48005
1011,48,007,48007
121,48,009,48009
44,48,011,48011
4817,48,013,48013
1346,48,015,48015
827,48,017,48017
452,48,019,48019
4977,48,021,48021
108,48,023,48023
2577,48,025,48025
14111,48,027,48027
166976,48,029,48029
399,48,031,48031
14,48,033,48033
633,48,035,48035
1069,48,037,48037
17089,48,039,48039
7904,48,041,48041
446,48,043,48043
83,48,045,48045
796,48,047,48047
1353,48,049,48049
713,48,051,48051
1775,48,053,48053
3216,48,055,48055
1756,48,057,48057
202,48,059,48059
63637,48,061,48061
611,48,063,48063
92,48,065,48065
309,48,067,48067
944,48,069,48069
1531,48,071,48071
2426,48,073,48073
202,48,075,48075
119,48,077,48077
305,48,079,48079
130,48,081,48081
260,48,083,48083
23722,48,085,48085
211,48,087,48087
1044,48,089,48089
5219,48,091,48091
660,48,093,48093
109,48,095,48095
1397,48,097,48097
2323,48,099,48099
139,48,101,48101
516,48,103,48103
362,48,105,48105
564,48,107,48107
226,48,109,48109
692,48,111,48111
178932,48,113,48113
1174,48,115,48115
2493,48,117,48117
63,48,119,48119
25065,48,121,48121
1060,48,123,48123
115,48,125,48125
1406,48,127,48127
56,48,129,48129
1345,48,131,48131
699,48,133,48133
15234,48,135,48135
117,48,137,48137
7655,48,139,48139
103555,48,141,48141
1537,48,143,48143
628,48,145,48145
544,48,147,48147
1025,48,149,48149
105,48,151,48151
642,48,153,48153
10,48,155,48155
27332,48,157,48157
359,48,159,48159
551,48,161,48161
1983,48,163,48163
1394,48,165,48165
12347,48,167,48167
345,48,169,48169
1012,48,171,48171
89,48,173,48173
354,48,175,48175
1834,48,177,48177
1136,48,179,48179
3079,48,181,48181
4648,48,183,48183
1035,48,185,48185
8712,48,187,48187
3642,48,189,48189
234,48,191,48191
190,48,193,48193
487,48,195,48195
132,48,197,48197
539,48,199,48199
314886,48,201,48201
1779,48,203,48203
222,48,205,48205
199,48,207,48207
10521,48,209,48209
292,48,211,48211
1848,48,213,48213
133727,48,215,48215
1320,48,217,48217
1839,48,219,48219
1164,48,221,48221
1180,48,223,48223
381,48,225,48225
2120,48,227,48227
358,48,229,48229
2674,48,231,48231
908,48,233,48233
87,48,235,48235
246,48,237,48237
777,48,239,48239
405,48,241,48241
112,48,243,48243
8144,48,245,48245
652,48,247,48247
5133,48,249,48249
5839,48,251,48251
608,48,253,48253
1009,48,255,48255
4153,48,257,48257
1326,48,259,48259
34,48,261,48261
25,48,263,48263
2176,48,265,48265
138,48,267,48267
6,48,269,48269
265,48,271,48271
3271,48,273,48273
247,48,275,48275
809,48,277,48277
1384,48,279,48279
554,48,281,48281
922,48,283,48283
666,48,285,48285
705,48,287,48287
449,48,289,48289
2910,48,291,48291
946,48,293,48293
184,48,295,48295
567,48,297,48297
283,48,299,48299
0,48,301,48301
16512,48,303,48303
465,48,305,48305
431,48,307,48307
11251,48,309,48309
60,48,311,48311
202,48,313,48313
54,48,315,48315
450,48,317,48317
157,48,319,48319
2589,48,321,48321
8852,48,323,48323
3614,48,325,48325
150,48,327,48327
11244,48,329,48329
1211,48,331,48331
141,48,333,48333
452,48,335,48335
394,48,337,48337
21304,48,339,48339
2289,48,341,48341
227,48,343,48343
22,48,345,48345
2466,48,347,48347
2538,48,349,48349
95,48,351,48351
987,48,353,48353
32748,48,355,48355
1105,48,357,48357
88,48,359,48359
1020,48,361,48361
1041,48,363,48363
289,48,365,48365
2693,48,367,48367
1110,48,369,48369
1580,48,371,48371
1105,48,373,48373
8486,48,375,48375
887,48,377,48377
247,48,379,48379
4292,48,381,48381
368,48,383,48383
167,48,385,48385
200,48,387,48387
1399,48,389,48389
540,48,391,48391
6,48,393,48393
637,48,395,48395
2766,48,397,48397
624,48,399,48399
1551,48,401,48401
142,48,403,48403
37,48,405,48405
502,48,407,48407
6027,48,409,48409
280,48,411,48411
238,48,413,48413
1132,48,415,48415
60,48,417,48417
910,48,419,48419
214,48,421,48421
8116,48,423,48423
285,48,425,48425
10325,48,427,48427
391,48,429,48429
145,48,431,48431
52,48,433,48433
356,48,435,48435
478,48,437,48437
99367,48,439,48439
5625,48,441,48441
47,48,443,48443
1128,48,445,48445
21,48,447,48447
2735,48,449,48449
6865,48,451,48451
62754,48,453,48453
209,48,455,48455
149,48,457,48457
663,48,459,48459
302,48,461,48461
3084,48,463,48463
6306,48,465,48465
1069,48,467,48467
6753,48,469,48469
1429,48,471,48471
2721,48,473,48473
933,48,475,48475
1162,48,477,48477
44487,48,479,48479
2877,48,481,48481
344,48,483,48483
4166,48,485,48485
592,48,487,48487
2634,48,489,48489
20345,48,491,48491
2720,48,493,48493
713,48,495,48495
2064,48,497,48497
787,48,499,48499
1094,48,501,48501
686,48,503,48503
2487,48,505,48505
1748,48,507,48507
170,49,001,49001
1000,49,003,49003
2590,49,005,49005
494,49,007,49007
3,49,009,49009
5871,49,011,49011
322,49,013,49013
128,49,015,49015
48,49,017,49017
240,49,019,49019
678,49,021,49021
148,49,023,49023
37,49,025,49025
363,49,027,49027
54,49,029,49029
25,49,031,49031
29,49,033,49033
37068,49,035,49035
225,49,037,49037
495,49,039,49039
262,49,041,49041
825,49,043,49043
1425,49,045,49045
680,49,047,49047
12745,49,049,49049
643,49,051,49051
3073,49,053,49053
26,49,055,49055
8392,49,057,49057
66,50,001,50001
79,50,003,50003
56,50,005,50005
381,50,007,50007
18,50,009,50009
152,50,011,50011
24,50,013,50013
53,50,015,50015
42,50,017,50017
73,50,019,50019
107,50,021,50021
97,50,023,50023
153,50,025,50025
117,50,027,50027
657,51,001,51001
985,51,003,51003
20,51,005,51005
87,51,007,51007
143,51,009,51009
19,51,011,51011
4282,51,013,51013
325,51,015,51015
23,51,017,51017
218,51,019,51019
23,51,021,51021
119,51,023,51023
32,51,025,51025
4,51,027,51027
143,51,029,51029
168,51,031,51031
42,51,033,51033
274,51,035,51035
39,51,036,51036
17,51,037,51037
4670,51,041,51041
135,51,043,51043
1,51,045,51045
953,51,047,51047
0,51,049,51049
13,51,051,51051
125,51,053,51053
0,51,057,51057
28182,51,059,51059
915,51,061,51061
81,51,063,51063
238,51,065,51065
402,51,067,51067
1155,51,069,51069
42,51,071,51071
87,51,073,51073
88,51,075,51075
121,51,077,51077
68,51,079,51079
62,51,081,51081
85,51,083,51083
425,51,085,51085
2956,51,087,51087
558,51,089,51089
0,51,091,51091
220,51,093,51093
757,51,095,51095
48,51,097,51097
203,51,099,51099
42,51,101,51101
28,51,103,51103
27,51,105,51105
7983,51,107,51107
118,51,109,51109
77,51,111,51111
63,51,113,51113
0,51,115,51115
134,51,117,51117
17,51,119,51119
292,51,121,51121
191,51,125,51125
100,51,127,51127
312,51,131,51131
16,51,133,51133
117,51,135,51135
268,51,137,51137
71,51,139,51139
137,51,141,51141
301,51,143,51143
72,51,145,51145
11,51,147,51147
301,51,149,51149
16611,51,153,51153
116,51,155,51155
31,51,157,51157
97,51,159,51159
319,51,161,51161
62,51,163,51163
937,51,165,51165
0,51,167,51167
61,51,169,51169
437,51,171,51171
122,51,173,51173
53,51,175,51175
1979,51,177,51177
2603,51,179,51179
19,51,181,51181
16,51,183,51183
34,51,185,51185
309,51,187,51187
200,51,191,51191
168,51,193,51193
63,51,195,51195
101,51,197,51197
628,51,199,51199
3267,51,510,51510
55,51,520,51520
0,51,530,51530
265,51,540,51540
2129,51,550,51550
225,51,570,51570
9,51,580,51580
278,51,590,51590
0,51,595,51595
512,51,600,51600
246,51,610,51610
7,51,620,51620
704,51,630,51630
359,51,640,51640
1106,51,650,51650
1418,51,660,51660
262,51,670,51670
52,51,678,51678
420,51,680,51680
2511,51,683,51683
1087,51,685,51685
157,51,690,51690
2512,51,700,51700
2339,51,710,51710
0,51,720,51720
183,51,730,51730
46,51,735,51735
506,51,740,51740
23,51,750,51750
1994,51,760,51760
1011,51,770,51770
242,51,775,51775
126,51,790,51790
570,51,800,51800
5585,51,810,51810
386,51,820,51820
112,51,830,51830
978,51,840,51840
2606,53,001,53001
164,53,003,53003
7880,53,005,53005
4224,53,007,53007
856,53,009,53009
8020,53,011,53011
64,53,013,53013
1904,53,015,53015
2546,53,017,53017
80,53,019,53019
9524,53,021,53021
5,53,023,53023
7631,53,025,53025
1493,53,027,53027
948,53,029,53029
267,53,031,53031
33271,53,033,53033
3157,53,035,53035
633,53,037,53037
531,53,039,53039
1554,53,041,53041
62,53,043,53043
1136,53,045,53045
1738,53,047,53047
371,53,049,53049
86,53,051,53051
16377,53,053,53053
142,53,055,53055
4266,53,057,53057
185,53,059,53059
14178,53,061,53061
4583,53,063,53063
329,53,065,53065
4118,53,067,53067
11,53,069,53069
2390,53,071,53071
3389,53,073,53073
339,53,075,53075
24272,53,077,53077
30,54,001,54001
890,54,003,54003
20,54,005,54005
21,54,007,54007
20,54,009,54009
178,54,011,54011
9,54,013,54013
0,54,015,54015
0,54,017,54017
46,54,019,54019
0,54,021,54021
7,54,023,54023
94,54,025,54025
32,54,027,54027
38,54,029,54029
71,54,031,54031
131,54,033,54033
0,54,035,54035
516,54,037,54037
286,54,039,54039
62,54,041,54041
15,54,043,54043
61,54,045,54045
3,54,047,54047
180,54,049,54049
44,54,051,54051
0,54,053,54053
63,54,055,54055
0,54,057,54057
3,54,059,54059
248,54,061,54061
0,54,063,54063
53,54,065,54065
0,54,067,54067
62,54,069,54069
0,54,071,54071
0,54,073,54073
0,54,075,54075
2,54,077,54077
34,54,079,54079
268,54,081,54081
14,54,083,54083
12,54,085,54085
7,54,087,54087
9,54,089,54089
0,54,091,54091
6,54,093,54093
26,54,095,54095
32,54,097,54097
40,54,099,54099
0,54,101,54101
14,54,103,54103
0,54,105,54105
122,54,107,54107
5,54,109,54109
83,55,001,55001
66,55,003,55003
258,55,005,55005
55,55,007,55007
4537,55,009,55009
54,55,011,55011
80,55,013,55013
448,55,015,55015
146,55,017,55017
357,55,019,55019
348,55,021,55021
41,55,023,55023
6230,55,025,55025
797,55,027,55027
175,55,029,55029
125,55,031,55031
117,55,033,55033
448,55,035,55035
5,55,037,55037
931,55,039,55039
51,55,041,55041
119,55,043,55043
240,55,045,55045
215,55,047,55047
102,55,049,55049
4,55,051,55051
130,55,053,55053
1208,55,055,55055
122,55,057,55057
4199,55,059,55059
98,55,061,55061
461,55,063,55063
136,55,065,55065
95,55,067,55067
103,55,069,55069
675,55,071,55071
720,55,073,55073
125,55,075,55075
94,55,077,55077
70,55,078,55078
25835,55,079,55079
406,55,081,55081
113,55,083,55083
149,55,085,55085
1511,55,087,55087
474,55,089,55089
19,55,091,55091
176,55,093,55093
109,55,095,55095
448,55,097,55097
32,55,099,55099
4787,55,101,55101
124,55,103,55103
2903,55,105,55105
29,55,107,55107
361,55,109,55109
696,55,111,55111
76,55,113,55113
262,55,115,55115
1481,55,117,55117
84,55,119,55119
507,55,121,55121
77,55,123,55123
24,55,125,55125
2370,55,127,55127
72,55,129,55129
777,55,131,55131
3520,55,133,55133
302,55,135,55135
335,55,137,55137
1389,55,139,55139
515,55,141,55141
506,56,001,56001
176,56,003,56003
717,56,005,56005
475,56,007,56007
207,56,009,56009
12,56,011,56011
546,56,013,56013
278,56,015,56015
61,56,017,56017
35,56,019,56019
2250,56,021,56021
159,56,023,56023
1203,56,025,56025
12,56,027,56027
268,56,029,56029
190,56,031,56031
152,56,033,56033
200,56,035,56035
1386,56,037,56037
520,56,039,56039
461,56,041,56041
199,56,043,56043
0,56,045,56045
2268,72,001,72001
4295,72,003,72003
6407,72,005,72005
3302,72,007,72007
2815,72,009,72009
3220,72,011,72011
10159,72,013,72013
2376,72,015,72015
3009,72,017,72017
3924,72,019,72019
21408,72,021,72021
5563,72,023,72023
15841,72,025,72025
3787,72,027,72027
6027,72,029,72029
18225,72,031,72031
3248,72,033,72033
5187,72,035,72035
1488,72,037,72037
2088,72,039,72039
4999,72,041,72041
4959,72,043,72043
2457,72,045,72045
4418,72,047,72047
186,72,049,72049
4635,72,051,72051
4052,72,053,72053
1594,72,054,72054
2142,72,055,72055
5385,72,057,72057
2459,72,059,72059
9357,72,061,72061
5631,72,063,72063
4772,72,065,72065
1715,72,067,72067
6280,72,069,72069
4972,72,071,72071
2073,72,073,72073
6233,72,075,72075
5005,72,077,72077
2722,72,079,72079
3190,72,081,72081
1085,72,083,72083
4753,72,085,72085
3547,72,087,72087
2165,72,089,72089
5062,72,091,72091
792,72,093,72093
1316,72,095,72095
8149,72,097,72097
4762,72,099,72099
4176,72,101,72101
3369,72,103,72103
3475,72,105,72105
2919,72,107,72107
2110,72,109,72109
2897,72,111,72111
18293,72,113,72113
2930,72,115,72115
1618,72,117,72117
6101,72,119,72119
2734,72,121,72121
3934,72,123,72123
3780,72,125,72125
37940,72,127,72127
4575,72,129,72129
4638,72,131,72131
3138,72,133,72133
9418,72,135,72135
9865,72,137,72137
8636,72,139,72139
3607,72,141,72141
4875,72,143,72143
6437,72,145,72145
1048,72,147,72147
3190,72,149,72149
4269,72,151,72151
4584,72,153,72153
